FullName,Career,Phone,Gender
Hoàng Văn Lan,Giáo viên,0917819428,False
Đỗ Đức Hiếu,Bác sĩ,0910614341,False
Bùi Văn Linh,Kỹ Sư,0967475973,False
Bùi Thị Bình,Kinh Doanh,0976800836,True
Ngô Văn Hạnh,Quân Nhân,0964385905,False
Đỗ Thị Trang,Phát thanh viên,0942356755,True
Bùi Đức Nam,Giáo viên,0955791576,False
Bùi Quốc Yến,Bác sĩ,0911876453,False
Nguyễn Thị Nam,Giáo viên,0934390109,True
Đặng Văn Phát,Kỹ Sư,0992745128,False
Lê Đức Yến,Giáo viên,0913994488,False
Hồ Quốc Nam,Kỹ Sư,0999838576,False
Bùi Minh Nam,Kỹ Sư,0936064088,False
Trần Hồng Hương,Kỹ Sư,0990253207,True
Phạm Hồng Hương,Phát thanh viên,0920479225,False
Ngô Đức Phát,Kỹ Sư,0911318911,True
Đặng Văn Hùng,Kỹ Sư,0985183028,True
Đặng Anh Nam,Kỹ Sư,0967380663,True
Nguyễn Thanh Yến,Phát thanh viên,0924796914,False
Vũ Minh Lan,Phát thanh viên,0940954884,True
Hồ Quốc Linh,Kỹ Sư,0926913944,False
Hoàng Quốc Hạnh,Kỹ Sư,0938383200,True
Đỗ Hồng Long,Nhà nước,0973313005,True
Bùi Minh Nam,Kỹ Sư,0911569469,False
Bùi Thanh Hiếu,Phát thanh viên,0968022713,True
Hoàng Minh Hương,Phát thanh viên,0992586234,False
Đặng Hồng Tuấn,Kỹ Sư,0957267617,True
Hoàng Thị Hạnh,Nhà nước,0984683447,False
Lê Thị Trang,Phát thanh viên,0964261080,False
Trần Minh Dũng,Kỹ Sư,0946561446,True
Bùi Anh Hạnh,Phát thanh viên,0992203053,True
Lê Xuân Phát,Kỹ Sư,0985142749,False
Hồ Minh Hạnh,Phát thanh viên,0935526620,False
Phạm Đức Hùng,Bác sĩ,0956836615,False
Phạm Ngọc Long,Kỹ Sư,0969448994,False
Lê Quốc Yến,Phát thanh viên,0947604586,True
Hoàng Hồng Hương,Nhà nước,0981501862,False
Trần Hồng Yến,Bác sĩ,0993071426,False
Đặng Quốc Yến,Nhà Văn,0950067792,False
Bùi Thanh Bình,Quân Nhân,0969706676,True
Đặng Đức Hiếu,Bác sĩ,0948575059,False
Vũ Quốc Hạnh,Quân Nhân,0969994393,True
Vũ Quốc Nam,Kỹ Sư,0922218905,True
Trần Ngọc Bình,Phát thanh viên,0920514914,True
Bùi Thị Tuấn,Phát thanh viên,0946622513,False
Bùi Văn Hùng,Kỹ Sư,0986858884,False
Hồ Xuân Dũng,Phát thanh viên,0993179211,True
Nguyễn Đức Long,Phát thanh viên,0926354924,True
Phạm Anh Dũng,Phát thanh viên,0919796269,True
